start,end,deviceid,team_leader_num,first_admin,second_admin_001,Sefer,Household_ID_1,hh_member_info/num_hh_members,hh_member_info/num_hh_mthr,hh_member_info/num_hh_children,hh_member_info/num_hh_othr,grp1_count,grp1[1]/grp11[1]/grp111/fd_name,grp1[1]/grp11[1]/grp111/preserve_mthd,grp1[1]/grp11[1]/grp111/Prep_mthd,grp1[1]/grp11[1]/grp111/ingredient_list,grp1[1]/grp11[1]/grp111/containert_wght,grp1[1]/grp11[1]/grp111/item_number,grp1[1]/grp11[1]/grp111/itm_wgt_grp_count,grp1[1]/grp11[1]/grp111/Member_ID_1,grp1[1]/grp11[1]/grp111/Is_this_member_an_under_five_o,grp1[1]/grp11[1]/grp111/Is_this_mother_pregnant_or_lactating,grp1[1]/grp11[1]/grp111/Age_1,grp1[1]/grp11[2]/grp111/Member_ID_1,grp1[1]/grp11[2]/grp111/Is_this_member_an_under_five_o,grp1[1]/grp11[2]/grp111/Age_1,grp1[1]/grp11[2]/grp111/fd_name,grp1[1]/grp11[2]/grp111/containert_wght,grp1[1]/grp11[2]/grp111/item_number,grp1[1]/grp11[2]/grp111/itm_wgt_grp_count,grp1/grp11/grp111/Member_ID_1,grp1/grp11/grp111/Is_this_member_an_under_five_o,grp1/grp11/grp111/Is_this_mother_pregnant_or_lactating,grp1/grp11/grp111/Age_1,grp1/grp11/grp111/fd_name,grp1/grp11/grp111/containert_wght,grp1/grp11/grp111/item_number,grp1/grp11/grp111/itm_wgt_grp_count,grp1/grp11[1]/grp111/itm_wgt_grp[1]/itm_nm,grp1/grp11[1]/grp111/itm_wgt_grp[1]/item_wght,grp1/grp11[1]/grp111/itm_wgt_grp[2]/itm_nm,grp1/grp11[1]/grp111/itm_wgt_grp[2]/item_wght,grp1/grp11[1]/grp111/itm_wgt_grp[3]/itm_nm,grp1/grp11[1]/grp111/itm_wgt_grp[3]/item_wght,grp1/grp11[1]/grp111/itm_wgt_grp[4]/itm_nm,grp1/grp11[1]/grp111/itm_wgt_grp[4]/item_wght,grp1/grp11[2]/grp111/itm_wgt_grp[1]/itm_nm,grp1/grp11[2]/grp111/itm_wgt_grp[1]/item_wght,grp1/grp11[2]/grp111/itm_wgt_grp[2]/itm_nm,grp1/grp11[2]/grp111/itm_wgt_grp[2]/item_wght,__version__,meta/instanceID,_uuid,_submission_time,_tags,_notes,_validation_status
2022-02-17T10:52:19.925+03:00,2022-02-17T10:57:44.050+03:00,collect:ytmvpPwGcn4Tki5f,3,3,n/a,Sra bzu,n/a,3,1,1,1,3,"Injera , shiro wox, ",0,0,"Teff, bean, onion, salt, oil, ",176.0,2,2,n/a,n/a,n/a,n/a,n/a,n/a,n/a,n/a,n/a,n/a,n/a,n/a,n/a,n/a,n/a,n/a,n/a,n/a,n/a,Injera,96.0,Wox,136.0,n/a,n/a,n/a,n/a,n/a,n/a,n/a,n/a,voc6GBjApznUDK38kbrDbF,uuid:a8a04808-11ab-4c3f-92b5-1fda3b81ce5f,a8a04808-11ab-4c3f-92b5-1fda3b81ce5f,2022-02-17T17:37:47,,,{}
2022-02-17T12:30:44.306+03:00,2022-02-17T12:43:08.083+03:00,collect:ytmvpPwGcn4Tki5f,3,3,n/a,Sra bzu clinic,n/a,3,1,1,1,3,"Injera , bread, rice, shiro wox",0,0,"Teff, oil, onion, iodine, bean",135.0,2,2,n/a,n/a,n/a,n/a,n/a,n/a,n/a,n/a,n/a,n/a,n/a,n/a,n/a,n/a,n/a,n/a,n/a,n/a,n/a, shiro wox ,135.0,Injera,179.0,n/a,n/a,n/a,n/a,n/a,n/a,n/a,n/a,voc6GBjApznUDK38kbrDbF,uuid:d4d817d8-5788-4d55-9569-7ead7f48b8c4,d4d817d8-5788-4d55-9569-7ead7f48b8c4,2022-02-17T17:37:47,,,{}
2022-02-17T15:07:24.152+03:00,2022-02-17T15:13:25.277+03:00,collect:ytmvpPwGcn4Tki5f,3,3,n/a,Sra bezu clinic,n/a,4,1,1,2,4,"Injera, shiro wex, bread, gomen",0,0,"Teff, bean, iodein, oil, onion",29.0,2,2,n/a,n/a,n/a,n/a,n/a,n/a,n/a,n/a,n/a,n/a,n/a,n/a,n/a,n/a,n/a,n/a,n/a,n/a,n/a,Injera,27.0,Wex,68.0,n/a,n/a,n/a,n/a,n/a,n/a,n/a,n/a,voc6GBjApznUDK38kbrDbF,uuid:c39dc21f-b208-4f60-afca-95274afdae3e,c39dc21f-b208-4f60-afca-95274afdae3e,2022-02-17T17:37:48,,,{}
2022-02-17T16:17:13.802+03:00,2022-02-17T16:22:30.848+03:00,collect:ytmvpPwGcn4Tki5f,3,3,n/a,Sra bezu,n/a,3,1,1,1,3,Injera ' shiro,0,0,"Injera, oil , onion, pea, salt",137.0,2,2,n/a,n/a,n/a,n/a,n/a,n/a,n/a,n/a,n/a,n/a,n/a,n/a,n/a,n/a,n/a,n/a,n/a,n/a,n/a,Injera,53.0,Shiro wex,86.0,n/a,n/a,n/a,n/a,n/a,n/a,n/a,n/a,voc6GBjApznUDK38kbrDbF,uuid:4578cfa9-e9ce-4368-9f51-5d7b9e4ac02f,4578cfa9-e9ce-4368-9f51-5d7b9e4ac02f,2022-02-17T17:37:49,,,{}
2022-02-17T10:52:24.416+03:00,2022-02-17T16:57:21.559+03:00,collect:FmGwWUKRqNIdNNcV,3,3,n/a,Serabezu clinic,n/a,3,2,1,0,3,Injerabeshero wot,0,0,"Teff , bean , onion , salt, oil",179.0,2,2,n/a,n/a,n/a,n/a,n/a,n/a,n/a,n/a,n/a,n/a,n/a,n/a,n/a,n/a,n/a,n/a,n/a,n/a,n/a,Injera,100.0,Wot,136.0,n/a,n/a,n/a,n/a,n/a,n/a,n/a,n/a,voc6GBjApznUDK38kbrDbF,uuid:4d08dbe9-1a13-4c27-99e8-0adb51f918fa,4d08dbe9-1a13-4c27-99e8-0adb51f918fa,2022-02-17T18:18:00,,,{}
2022-02-17T12:32:57.360+03:00,2022-02-17T12:42:19.546+03:00,collect:FmGwWUKRqNIdNNcV,3,3,n/a,Serabezu clinic,n/a,3,1,1,1,3,Injera beshero wot,0,0,"Onion, bean, teff ,oil, salt ",154.0,2,2,n/a,n/a,n/a,n/a,n/a,n/a,n/a,n/a,n/a,n/a,n/a,n/a,n/a,n/a,n/a,n/a,n/a,n/a,n/a,"Injera, sero wet",97.0,Shoro,50.0,n/a,n/a,n/a,n/a,n/a,n/a,n/a,n/a,voc6GBjApznUDK38kbrDbF,uuid:8b446ddb-8d27-4715-b2af-0525b6ec65dc,8b446ddb-8d27-4715-b2af-0525b6ec65dc,2022-02-17T18:18:14,,,{}
2022-02-17T15:12:59.769+03:00,2022-02-17T15:18:52.526+03:00,collect:FmGwWUKRqNIdNNcV,3,3,n/a,Serabezu clinic,n/a,3,1,1,1,3,"Injera,meseri wot",0,0,"Teff, lentil,salt oil , onion , garlic",50.0,2,2,n/a,n/a,n/a,n/a,n/a,n/a,n/a,n/a,n/a,n/a,n/a,n/a,n/a,n/a,n/a,n/a,n/a,n/a,n/a,Injera,300.0,Meseri wot,196.0,n/a,n/a,n/a,n/a,n/a,n/a,n/a,n/a,voc6GBjApznUDK38kbrDbF,uuid:5e0af7ea-dc46-487d-8300-79bd64b8f721,5e0af7ea-dc46-487d-8300-79bd64b8f721,2022-02-17T18:18:24,,,{}
2022-02-17T21:11:19.433+03:00,2022-02-17T21:15:24.951+03:00,collect:FmGwWUKRqNIdNNcV,3,3,n/a,Serabezu  clinic,n/a,4,1,1,2,4,Injera begomeni,0,0,"Teff, spinach, oil, onion, chill ",90.0,2,2,n/a,n/a,n/a,n/a,n/a,n/a,n/a,n/a,n/a,n/a,n/a,n/a,n/a,n/a,n/a,n/a,n/a,n/a,n/a,Injera,120.0,Gomeni wot,70.0,n/a,n/a,n/a,n/a,n/a,n/a,n/a,n/a,voc6GBjApznUDK38kbrDbF,uuid:5f49c3bb-6e25-4c3e-a1d3-5ed09d576081,5f49c3bb-6e25-4c3e-a1d3-5ed09d576081,2022-02-17T18:18:40,,,{}
2022-02-17T15:41:20.536+03:00,2022-02-17T22:26:58.529+03:00,collect:ckCjOmL3UP3dIu4g,1,1,n/a,Aliyans akababi,n/a,3,1,1,1,3,Enjera bedinch  wet,n/a,n/a,n/a,337.0,2,2,n/a,n/a,n/a,n/a,n/a,n/a,n/a,n/a,n/a,n/a,n/a,n/a,n/a,n/a,n/a,n/a,n/a,n/a,n/a,Enjera,523.0,Dench wet,145.0,Key ser,140.0,n/a,n/a,n/a,n/a,n/a,n/a,vNEC5ifoNyb3BZEEqRpsrN,uuid:f424bb9a-8e07-4a3b-b225-d05613d33fe5,f424bb9a-8e07-4a3b-b225-d05613d33fe5,2022-02-17T19:27:17,,,{}
2022-02-18T08:00:55.253+03:00,2022-02-18T08:02:37.654+03:00,collect:S5eLgMOasXg99hZv,01,1,41,Alience,804,3,1,1,1,3,Ferfer,n/a,n/a,n/a,73.0,1,1,2,2,2,27,n/a,n/a,n/a,n/a,n/a,n/a,n/a,n/a,n/a,n/a,n/a,n/a,n/a,n/a,n/a,ferfer and injera,400.0,n/a,n/a,n/a,n/a,n/a,n/a,n/a,n/a,n/a,n/a,vB7ojuHqwXb8A7nDWiYyau,uuid:b157fbcc-08cb-4747-a04b-8c75fe0fc8b5,b157fbcc-08cb-4747-a04b-8c75fe0fc8b5,2022-02-18T11:07:33,,,{}
2022-02-18T11:02:34.068+03:00,2022-02-18T11:07:06.435+03:00,collect:ytmvpPwGcn4Tki5f,03,3,5/3,Sra bezu clinic,231,5,2,1,2,5,"Injera , corn flex, spagetti, ye axmit ehel",n/a,n/a,n/a,85.0,2,2,1,1,n/a,5,n/a,n/a,n/a,n/a,n/a,n/a,n/a,n/a,n/a,n/a,n/a,n/a,n/a,n/a,n/a,Spagetti,32.0,Porragi,129.0,n/a,n/a,n/a,n/a,n/a,n/a,n/a,n/a,vB7ojuHqwXb8A7nDWiYyau,uuid:ae771380-f1ec-4a66-b1cf-a98f1b709e12,ae771380-f1ec-4a66-b1cf-a98f1b709e12,2022-02-18T17:32:20,,,{}
2022-02-18T15:26:22.565+03:00,2022-02-18T15:28:59.122+03:00,collect:ytmvpPwGcn4Tki5f,3,3,5/3,Srabzu,194,6,2,1,3,6,"injera ,bread, egg, shiro , potato",n/a,n/a,n/a,150.0,3,3,1,1,n/a,3,n/a,n/a,n/a,n/a,n/a,n/a,n/a,n/a,n/a,n/a,n/a,n/a,n/a,n/a,n/a,Injera,96.0,Wex,40.0,Gomen,35.7,n/a,n/a,n/a,n/a,n/a,n/a,vB7ojuHqwXb8A7nDWiYyau,uuid:8f201082-fd11-4659-a347-6e7a014dd0cf,8f201082-fd11-4659-a347-6e7a014dd0cf,2022-02-18T17:32:25,,,{}
2022-02-17T05:05:45.339+03:00,2022-02-18T15:18:35.969+03:00,collect:S5eLgMOasXg99hZv,1,1,n/a,alians,n/a,3,1,1,1,3,ferfer,n/a,n/a,n/a,73.0,1,1,n/a,n/a,n/a,n/a,n/a,n/a,n/a,n/a,n/a,n/a,n/a,n/a,n/a,n/a,n/a,n/a,n/a,n/a,n/a,Ferfer,408.0,n/a,n/a,n/a,n/a,n/a,n/a,n/a,n/a,n/a,n/a,vNEC5ifoNyb3BZEEqRpsrN,uuid:37a85afd-9173-45fe-be7e-66da091e225c,37a85afd-9173-45fe-be7e-66da091e225c,2022-02-18T18:23:34,,,{}
2022-02-18T10:19:06.889+03:00,2022-02-18T10:26:01.112+03:00,collect:AkzLThEjjflALqZZ,8,8,1,Bono sefer,067,2,1,0,1,2,Enjera shiro ena atkilt,n/a,n/a,n/a,120.0,3,3,1,2,1,29,n/a,n/a,n/a,n/a,n/a,n/a,n/a,n/a,n/a,n/a,n/a,n/a,n/a,n/a,n/a,Enjera,226.0,Shiro wot,83.0,Atkilt,96.0,n/a,n/a,n/a,n/a,n/a,n/a,vB7ojuHqwXb8A7nDWiYyau,uuid:6cc3a3d7-b28f-4754-8386-9309ba2a3213,6cc3a3d7-b28f-4754-8386-9309ba2a3213,2022-02-18T18:39:29,,,{}
2022-02-18T12:13:54.622+03:00,2022-02-18T12:21:35.345+03:00,collect:AkzLThEjjflALqZZ,8,8,1,Genet sefer,358,4,1,1,2,4,Enjera be sega wot,n/a,n/a,n/a,178.0,2,2,1,2,2,30,n/a,n/a,n/a,n/a,n/a,n/a,n/a,n/a,n/a,n/a,n/a,n/a,n/a,n/a,n/a,Enjera,174.0,Sega wot,179.0,n/a,n/a,n/a,n/a,n/a,n/a,n/a,n/a,vB7ojuHqwXb8A7nDWiYyau,uuid:911c1641-3557-4e5c-bacb-b5d2f5868965,911c1641-3557-4e5c-bacb-b5d2f5868965,2022-02-18T18:39:35,,,{}
2022-02-18T13:23:28.686+03:00,2022-02-18T13:25:08.892+03:00,collect:AkzLThEjjflALqZZ,8,8,1,Genet sefer,372,5,1,2,2,5,Enjera beshiro,n/a,n/a,n/a,176.0,2,2,1,2,2,38,n/a,n/a,n/a,n/a,n/a,n/a,n/a,n/a,n/a,n/a,n/a,n/a,n/a,n/a,n/a,Enjera,296.0,Shiro ,63.0,n/a,n/a,n/a,n/a,n/a,n/a,n/a,n/a,vB7ojuHqwXb8A7nDWiYyau,uuid:0be878ca-caa6-4f56-a376-064205498c96,0be878ca-caa6-4f56-a376-064205498c96,2022-02-18T18:39:37,,,{}
2022-02-18T09:47:51.998+03:00,2022-02-18T09:49:31.300+03:00,collect:FmGwWUKRqNIdNNcV,3,3,n/a,Serabezu,n/a,6,2,1,3,6,Enjera beshero wot,n/a,n/a,n/a,98.0,2,2,n/a,n/a,n/a,n/a,n/a,n/a,n/a,n/a,n/a,n/a,n/a,n/a,n/a,n/a,n/a,n/a,n/a,n/a,n/a,Injera,102.0,Wot,13.0,n/a,n/a,n/a,n/a,n/a,n/a,n/a,n/a,vNEC5ifoNyb3BZEEqRpsrN,uuid:61342c0d-e441-4a1f-aa36-97ea54acb4a5,61342c0d-e441-4a1f-aa36-97ea54acb4a5,2022-02-18T19:10:11,,,{}
2022-02-18T11:07:23.430+03:00,2022-02-18T11:13:20.137+03:00,collect:FmGwWUKRqNIdNNcV,3,3,n/a,Serabezu,n/a,6,1,2,3,6,Injera bedenchi wot,n/a,n/a,n/a,227.0,2,2,n/a,n/a,n/a,n/a,n/a,n/a,n/a,n/a,n/a,n/a,n/a,n/a,n/a,n/a,n/a,n/a,n/a,n/a,n/a,Injera,104.0,Denchi wot,99.0,n/a,n/a,n/a,n/a,n/a,n/a,n/a,n/a,vNEC5ifoNyb3BZEEqRpsrN,uuid:f0abd095-e76e-461b-aeb1-9c3787a7b76c,f0abd095-e76e-461b-aeb1-9c3787a7b76c,2022-02-18T19:10:15,,,{}
2022-02-18T15:22:51.918+03:00,2022-02-18T15:30:57.280+03:00,collect:FmGwWUKRqNIdNNcV,3,3,n/a,Serabezu clinic,n/a,3,1,1,1,3," Injera,Ferferi",n/a,n/a,n/a,255.0,2,2,n/a,n/a,n/a,n/a,n/a,n/a,n/a,n/a,n/a,n/a,n/a,n/a,n/a,n/a,n/a,n/a,n/a,n/a,n/a,injera ,10.0,Ferefir,195.0,n/a,n/a,n/a,n/a,n/a,n/a,n/a,n/a,vNEC5ifoNyb3BZEEqRpsrN,uuid:11f5a6f6-d495-4cc8-a103-ebaa889a3648,11f5a6f6-d495-4cc8-a103-ebaa889a3648,2022-02-18T19:10:22,,,{}
2022-02-18T16:46:46.151+03:00,2022-02-18T16:51:24.607+03:00,collect:FmGwWUKRqNIdNNcV,3,3,n/a,Serabezu clinic,n/a,5,1,1,3,5,Injera beshero,n/a,n/a,n/a,200.0,2,2,n/a,n/a,n/a,n/a,n/a,n/a,n/a,n/a,n/a,n/a,n/a,n/a,n/a,n/a,n/a,n/a,n/a,n/a,n/a,Injera,130.0,Wot,37.0,n/a,n/a,n/a,n/a,n/a,n/a,n/a,n/a,vNEC5ifoNyb3BZEEqRpsrN,uuid:459530a6-7455-47fe-919b-a024d9ebf20c,459530a6-7455-47fe-919b-a024d9ebf20c,2022-02-18T19:10:27,,,{}
2022-02-18T22:06:46.060+03:00,2022-02-18T22:09:05.828+03:00,collect:FmGwWUKRqNIdNNcV,3,3,n/a,Serabezu clinic,n/a,4,1,2,1,4,Mocoroni,n/a,n/a,n/a,92.0,2,2,n/a,n/a,n/a,n/a,n/a,n/a,n/a,n/a,n/a,n/a,n/a,n/a,n/a,n/a,n/a,n/a,n/a,n/a,n/a,Mocoroni,200.0,Sego,35.0,n/a,n/a,n/a,n/a,n/a,n/a,n/a,n/a,vNEC5ifoNyb3BZEEqRpsrN,uuid:81257d03-f6ab-4382-a0b3-6aafe4af037f,81257d03-f6ab-4382-a0b3-6aafe4af037f,2022-02-18T19:10:30,,,{}
2022-02-18T14:45:36.393+03:00,2022-02-18T22:18:24.670+03:00,collect:ckCjOmL3UP3dIu4g,01,1,41,Abebe gofa,146,1,1,0,0,1,Enjera be tomato,n/a,n/a,n/a,191.0,2,2,2,2,2,20,n/a,n/a,n/a,n/a,n/a,n/a,n/a,n/a,n/a,n/a,n/a,n/a,n/a,n/a,n/a,Enjera,171.0,Tomato,145.0,n/a,n/a,n/a,n/a,n/a,n/a,n/a,n/a,vB7ojuHqwXb8A7nDWiYyau,uuid:d46bc3f4-e90c-47cc-b447-cac5e8fc214c,d46bc3f4-e90c-47cc-b447-cac5e8fc214c,2022-02-18T19:18:57,,,{}
2022-02-18T22:19:12.539+03:00,2022-02-18T22:24:16.042+03:00,collect:ckCjOmL3UP3dIu4g,01,1,41,Abebe gonfa,017,1,1,0,0,1,Enjera be shiro,n/a,n/a,n/a,178.0,2,2,2,2,2,31,n/a,n/a,n/a,n/a,n/a,n/a,n/a,n/a,n/a,n/a,n/a,n/a,n/a,n/a,n/a,Enjera,329.0,Shiro wet,211.0,n/a,n/a,n/a,n/a,n/a,n/a,n/a,n/a,vB7ojuHqwXb8A7nDWiYyau,uuid:26fa92ec-7b6f-49ef-893d-fd0b3664fabb,26fa92ec-7b6f-49ef-893d-fd0b3664fabb,2022-02-18T19:25:29,,,{}
2022-02-18T11:20:05.010+03:00,2022-02-18T22:17:27.128+03:00,collect:jkmHHl8KSIGeblq5,8,8,1,Bono sefer,0,6,1,1,4,6,Enjera be sherowot,n/a,n/a,n/a,196.0,2,2,1,2,2,35,n/a,n/a,n/a,n/a,n/a,n/a,n/a,n/a,n/a,n/a,n/a,n/a,n/a,n/a,n/a,Enjera,486.0,Sherowot,74.0,n/a,n/a,n/a,n/a,n/a,n/a,n/a,n/a,vB7ojuHqwXb8A7nDWiYyau,uuid:cca13948-768e-4d0c-85bb-81c00e60cd9d,cca13948-768e-4d0c-85bb-81c00e60cd9d,2022-02-18T19:53:07,,,{}
2022-02-18T11:27:31.495+03:00,2022-02-18T22:44:08.965+03:00,collect:jkmHHl8KSIGeblq5,8,8,1,Bono sefer,189,4,1,1,2,4,Enjera be sherowot,n/a,n/a,n/a,247.0,2,2,1,2,2,29,n/a,n/a,n/a,n/a,n/a,n/a,n/a,n/a,n/a,n/a,n/a,n/a,n/a,n/a,n/a,Enjera,376.0,Sherowot,105.0,n/a,n/a,n/a,n/a,n/a,n/a,n/a,n/a,vB7ojuHqwXb8A7nDWiYyau,uuid:4356d281-aa77-42f6-bf54-11ec8d17c571,4356d281-aa77-42f6-bf54-11ec8d17c571,2022-02-18T19:53:08,,,{}
2022-02-18T12:35:51.700+03:00,2022-02-18T21:09:26.282+03:00,collect:jkmHHl8KSIGeblq5,08,8,1,Clinic sefer,349,4,1,1,2,4,Enjera,n/a,n/a,n/a,120.0,1,1,1,2,2,65,n/a,n/a,n/a,n/a,n/a,n/a,n/a,n/a,n/a,n/a,n/a,n/a,n/a,n/a,n/a,Enjera,340.0,n/a,n/a,n/a,n/a,n/a,n/a,n/a,n/a,n/a,n/a,vB7ojuHqwXb8A7nDWiYyau,uuid:eb3b9ba2-5b8d-4152-b117-9bf78f9bebcb,eb3b9ba2-5b8d-4152-b117-9bf78f9bebcb,2022-02-18T19:53:11,,,{}
2022-02-18T13:39:28.733+03:00,2022-02-18T21:46:29.043+03:00,collect:jkmHHl8KSIGeblq5,8,8,1,Edirbat jerba,0,3,1,1,1,3,Enjera be shero,n/a,n/a,n/a,150.0,2,2,1,2,2,24,n/a,n/a,n/a,n/a,n/a,n/a,n/a,n/a,n/a,n/a,n/a,n/a,n/a,n/a,n/a,Enjera,354.0,Shero,60.0,n/a,n/a,n/a,n/a,n/a,n/a,n/a,n/a,vB7ojuHqwXb8A7nDWiYyau,uuid:ad2f9500-f0eb-4acb-b16a-d8f9cc1bbb4b,ad2f9500-f0eb-4acb-b16a-d8f9cc1bbb4b,2022-02-18T19:53:20,,,{}
2022-02-19T07:48:14.445+03:00,2022-02-19T07:57:23.802+03:00,collect:ckCjOmL3UP3dIu4g,01,1,41,Enchet mesentekia,566,5,1,2,2,5,Shero wet,n/a,n/a,n/a,143.0,2,2,2,2,2,33,n/a,n/a,n/a,n/a,n/a,n/a,n/a,n/a,n/a,n/a,n/a,n/a,n/a,n/a,n/a,Enjera,349.0,Shero wet,97.0,n/a,n/a,n/a,n/a,n/a,n/a,n/a,n/a,vB7ojuHqwXb8A7nDWiYyau,uuid:6b881590-f21b-4ab9-88de-43781bc11848,6b881590-f21b-4ab9-88de-43781bc11848,2022-02-19T04:59:00,,,{}
2022-02-19T08:03:26.176+03:00,2022-02-19T08:07:24.733+03:00,collect:ckCjOmL3UP3dIu4g,01,1,41,Mengest temert bet jerba,017,3,1,1,1,3,Juice,n/a,n/a,n/a,115.0,1,1,3,1,n/a,2,n/a,n/a,n/a,n/a,n/a,n/a,n/a,n/a,n/a,n/a,n/a,n/a,n/a,n/a,n/a,Papaya and banana,379.0,n/a,n/a,n/a,n/a,n/a,n/a,n/a,n/a,n/a,n/a,vB7ojuHqwXb8A7nDWiYyau,uuid:8b5bcc04-36de-4d11-a6df-9b53d1cd0c38,8b5bcc04-36de-4d11-a6df-9b53d1cd0c38,2022-02-19T05:08:09,,,{}
2022-02-19T09:57:36.272+03:00,2022-02-19T20:00:16.849+03:00,collect:ytmvpPwGcn4Tki5f,3,3,5/2,Samuna fabrica,341,4,1,1,2,4,"Bread, shiro wex",n/a,n/a,n/a,68.0,2,2,1,1,n/a,3,n/a,n/a,n/a,n/a,n/a,n/a,n/a,n/a,n/a,n/a,n/a,n/a,n/a,n/a,n/a,Bread,63.0,Misre wex,83.0,n/a,n/a,n/a,n/a,n/a,n/a,n/a,n/a,vB7ojuHqwXb8A7nDWiYyau,uuid:5cf88395-cc70-4f65-b13f-ddab63d8cff2,5cf88395-cc70-4f65-b13f-ddab63d8cff2,2022-02-19T17:06:29,,,{}
2022-02-19T11:07:54.087+03:00,2022-02-19T20:02:19.825+03:00,collect:ytmvpPwGcn4Tki5f,3,3,5/2,Ersha minster,086,4,1,1,2,4," bread, ye denichi wex",n/a,n/a,n/a,63.0,2,2,1,1,n/a,3,n/a,n/a,n/a,n/a,n/a,n/a,n/a,n/a,n/a,n/a,n/a,n/a,n/a,n/a,n/a,Bread,58.0,Ye dinchi wex,126.0,n/a,n/a,n/a,n/a,n/a,n/a,n/a,n/a,vB7ojuHqwXb8A7nDWiYyau,uuid:565df821-7f6f-4f8c-9a5b-917ccb6c1e45,565df821-7f6f-4f8c-9a5b-917ccb6c1e45,2022-02-19T17:06:31,,,{}
2022-02-19T14:49:43.522+03:00,2022-02-19T14:53:27.937+03:00,collect:ytmvpPwGcn4Tki5f,3,3,5/2,Ersha minister,79,4,1,1,2,4,"Injeea, shiro wex",n/a,n/a,n/a,66.0,2,2,1,1,n/a,4,n/a,n/a,n/a,n/a,n/a,n/a,n/a,n/a,n/a,n/a,n/a,n/a,n/a,n/a,n/a,Injer,117.0,Shiro wex ,30.0,n/a,n/a,n/a,n/a,n/a,n/a,n/a,n/a,vB7ojuHqwXb8A7nDWiYyau,uuid:ccd3d37f-2d8c-4b5a-8ae2-af06f2ef5b56,ccd3d37f-2d8c-4b5a-8ae2-af06f2ef5b56,2022-02-19T17:06:35,,,{}
2022-02-19T16:19:38.991+03:00,2022-02-19T16:24:39.807+03:00,collect:ytmvpPwGcn4Tki5f,3,3,5/2,Ersha minster,102,5,1,1,3,5,"Injera, shiro",n/a,n/a,n/a,167.0,2,2,1,1,n/a,3,n/a,n/a,n/a,n/a,n/a,n/a,n/a,n/a,n/a,n/a,n/a,n/a,n/a,n/a,n/a,Injera,94.0,Shiro wex,80.0,n/a,n/a,n/a,n/a,n/a,n/a,n/a,n/a,vB7ojuHqwXb8A7nDWiYyau,uuid:9d7d1a29-f2ba-487c-aa39-bd258a2eb14e,9d7d1a29-f2ba-487c-aa39-bd258a2eb14e,2022-02-19T17:06:39,,,{}
2022-02-19T20:04:19.659+03:00,2022-02-19T20:05:52.722+03:00,collect:ytmvpPwGcn4Tki5f,3,3,5/2,Samuna fabrica,109,3,1,1,1,3,"Injera, denichi wex",n/a,n/a,n/a,83.0,2,2,1,1,n/a,2,n/a,n/a,n/a,n/a,n/a,n/a,n/a,n/a,n/a,n/a,n/a,n/a,n/a,n/a,n/a,Injera,55.7,Dinich wex,30.0,n/a,n/a,n/a,n/a,n/a,n/a,n/a,n/a,vB7ojuHqwXb8A7nDWiYyau,uuid:779d1a7e-c000-49cb-bae4-9cd8ba49a638,779d1a7e-c000-49cb-bae4-9cd8ba49a638,2022-02-19T17:06:48,,,{}
2022-02-19T09:38:06.018+03:00,2022-02-19T18:31:36.911+03:00,collect:FmGwWUKRqNIdNNcV,3,3,5-2,Samuna fabrica,1,3,1,1,1,3,Denchi,n/a,n/a,n/a,26.0,1,1,1,1,n/a,0,n/a,n/a,n/a,n/a,n/a,n/a,n/a,n/a,n/a,n/a,n/a,n/a,n/a,n/a,n/a,Denchi,44.0,n/a,n/a,n/a,n/a,n/a,n/a,n/a,n/a,n/a,n/a,vB7ojuHqwXb8A7nDWiYyau,uuid:7482ef42-adc1-4d3b-af58-9699b6ac0e70,7482ef42-adc1-4d3b-af58-9699b6ac0e70,2022-02-19T17:55:39,,,{}
2022-02-19T10:48:56.547+03:00,2022-02-19T10:55:40.539+03:00,collect:FmGwWUKRqNIdNNcV,3,3,5-2,Eresha Minester,76,4,1,1,2,4,injera be miser wot,n/a,n/a,n/a,158.0,2,2,1,2,2,35,n/a,n/a,n/a,n/a,n/a,n/a,n/a,n/a,n/a,n/a,n/a,n/a,n/a,n/a,n/a,Injera,265.0,Mesir wot,70.0,n/a,n/a,n/a,n/a,n/a,n/a,n/a,n/a,vB7ojuHqwXb8A7nDWiYyau,uuid:b918eeaa-8b83-4f9b-a52b-287afbfc99af,b918eeaa-8b83-4f9b-a52b-287afbfc99af,2022-02-19T17:55:47,,,{}
2022-02-19T12:15:57.772+03:00,2022-02-19T12:19:36.198+03:00,collect:FmGwWUKRqNIdNNcV,3,3,5-2,Ersha Minster,84,2,1,0,1,2,Injera bedenchi wot,n/a,n/a,n/a,100.0,2,2,1,2,1,32,n/a,n/a,n/a,n/a,n/a,n/a,n/a,n/a,n/a,n/a,n/a,n/a,n/a,n/a,n/a,Injera,165.0,Denchi wot,80.0,n/a,n/a,n/a,n/a,n/a,n/a,n/a,n/a,vB7ojuHqwXb8A7nDWiYyau,uuid:7f535a33-1c26-4c36-820e-fe8eb084272b,7f535a33-1c26-4c36-820e-fe8eb084272b,2022-02-19T17:56:01,,,{}
2022-02-19T15:13:20.171+03:00,2022-02-19T15:17:50.601+03:00,collect:FmGwWUKRqNIdNNcV,3,3,5-2,Ersha Minster,78,4,1,1,2,4,Eruzi,n/a,n/a,n/a,126.0,1,1,4,1,n/a,3,n/a,n/a,n/a,n/a,n/a,n/a,n/a,n/a,n/a,n/a,n/a,n/a,n/a,n/a,n/a,Eruzi,172.0,n/a,n/a,n/a,n/a,n/a,n/a,n/a,n/a,n/a,n/a,vB7ojuHqwXb8A7nDWiYyau,uuid:f52adc62-76dc-4e88-b2d1-9429103db61f,f52adc62-76dc-4e88-b2d1-9429103db61f,2022-02-19T17:56:12,,,{}
2022-02-19T16:16:05.654+03:00,2022-02-19T18:32:37.219+03:00,collect:FmGwWUKRqNIdNNcV,3,3,3,Ersha Minster,103,5,1,1,3,5,Endom spaghetti,n/a,n/a,n/a,168.0,1,1,5,1,n/a,3,n/a,n/a,n/a,n/a,n/a,n/a,n/a,n/a,n/a,n/a,n/a,n/a,n/a,n/a,n/a,Endom,150.0,n/a,n/a,n/a,n/a,n/a,n/a,n/a,n/a,n/a,n/a,vB7ojuHqwXb8A7nDWiYyau,uuid:0b9133b8-01a7-4bb6-b956-6dd619ef18dd,0b9133b8-01a7-4bb6-b956-6dd619ef18dd,2022-02-19T17:56:17,,,{}
2022-02-19T13:18:49.795+03:00,2022-02-19T19:57:55.851+03:00,collect:ckCjOmL3UP3dIu4g,02,1,42,Mekonen ashewa,271,2,1,1,0,2,Enjera be shiro ena gomen,n/a,n/a,n/a,298.0,3,3,2,2,1,30,n/a,n/a,n/a,n/a,n/a,n/a,n/a,n/a,n/a,n/a,n/a,n/a,n/a,n/a,n/a,Enjera,168.0,Shiro wet,130.0,Gomen,120.0,n/a,n/a,n/a,n/a,n/a,n/a,vB7ojuHqwXb8A7nDWiYyau,uuid:3213498d-dfd9-4dc9-9054-b278a4caedeb,3213498d-dfd9-4dc9-9054-b278a4caedeb,2022-02-19T17:57:39,,,{}
2022-02-19T09:42:13.378+03:00,2022-02-19T09:44:43.369+03:00,collect:AkzLThEjjflALqZZ,8,8,9/2,Selam sefer,Addis,3,1,1,1,3,Enjera bewot,n/a,n/a,n/a,21.0,4,4,1,2,2,29,n/a,n/a,n/a,n/a,n/a,n/a,n/a,n/a,n/a,n/a,n/a,n/a,n/a,n/a,n/a,Enjera,102.0,Miser,62.0,Gomen,28.0,Keysir,69.0,n/a,n/a,n/a,n/a,vB7ojuHqwXb8A7nDWiYyau,uuid:57d16194-6374-4e4a-847a-d6f2f29ca042,57d16194-6374-4e4a-847a-d6f2f29ca042,2022-02-19T19:29:09,,,{}
2022-02-19T11:28:37.876+03:00,2022-02-19T11:32:14.404+03:00,collect:AkzLThEjjflALqZZ,8,8,9/2,Chemad sefer,435,6,1,1,4,6,Enjera be atkilt,n/a,n/a,n/a,151.0,2,2,1,2,2,28,n/a,n/a,n/a,n/a,n/a,n/a,n/a,n/a,n/a,n/a,n/a,n/a,n/a,n/a,n/a,Enjera,279.0,Atkilt(gomen),153.0,n/a,n/a,n/a,n/a,n/a,n/a,n/a,n/a,vB7ojuHqwXb8A7nDWiYyau,uuid:e5083818-572f-40f8-875a-1f3af4daa6a9,e5083818-572f-40f8-875a-1f3af4daa6a9,2022-02-19T19:29:23,,,{}
2022-02-19T14:33:02.958+03:00,2022-02-19T14:39:32.551+03:00,collect:AkzLThEjjflALqZZ,8,8,9/2,Chemad sefer,442,5,1,1,3,5,Enjera beshiro,n/a,n/a,n/a,55.0,2,2,1,2,2,32,2,1,3,Dabo,54.0,1,1,n/a,n/a,n/a,n/a,n/a,n/a,n/a,n/a,Enjera,244.0,Shiro,68.0,n/a,n/a,n/a,n/a,Dabo,303.0,n/a,n/a,vB7ojuHqwXb8A7nDWiYyau,uuid:0c670977-09c7-4b8f-afe4-7a76297e6e71,0c670977-09c7-4b8f-afe4-7a76297e6e71,2022-02-19T19:29:31,,,{}
2022-02-19T12:06:33.694+03:00,2022-02-19T21:59:31.601+03:00,collect:jkmHHl8KSIGeblq5,8,8,9-2,Chimad,437,4,1,1,2,4,Enjera be dench,n/a,n/a,n/a,210.0,2,2,1,2,2,25,2,1,4,Dabo be enkulal,211.0,2,2,n/a,n/a,n/a,n/a,n/a,n/a,n/a,n/a,Enjera,105.0,Denech,93.0,n/a,n/a,n/a,n/a,Dabo,174.0,Egg,59.0,vB7ojuHqwXb8A7nDWiYyau,uuid:eb72f73d-a510-48b2-b572-57e156ceb1e6,eb72f73d-a510-48b2-b572-57e156ceb1e6,2022-02-19T19:43:25,,,{}
2022-02-19T12:57:04.721+03:00,2022-02-19T22:12:59.994+03:00,collect:jkmHHl8KSIGeblq5,8,8,9-2,Chimad,440,6,1,1,4,6,Enjera be shero,n/a,n/a,n/a,99.0,2,2,1,2,2,38,n/a,n/a,n/a,n/a,n/a,n/a,n/a,n/a,n/a,n/a,n/a,n/a,n/a,n/a,n/a,Enjera,355.0,Shero,147.0,n/a,n/a,n/a,n/a,n/a,n/a,n/a,n/a,vB7ojuHqwXb8A7nDWiYyau,uuid:5f09b765-d61f-4111-9fca-ea14173a950c,5f09b765-d61f-4111-9fca-ea14173a950c,2022-02-19T19:43:27,,,{}
2022-02-19T15:08:10.373+03:00,2022-02-19T22:27:16.900+03:00,collect:jkmHHl8KSIGeblq5,8,8,9-2,Chidmad,451,8,1,1,6,8,Enjera be sherowot,n/a,n/a,n/a,57.0,2,2,1,2,2,42,n/a,n/a,n/a,n/a,n/a,n/a,n/a,n/a,n/a,n/a,n/a,n/a,n/a,n/a,n/a,Enjera,288.0,Shero,80.0,n/a,n/a,n/a,n/a,n/a,n/a,n/a,n/a,vB7ojuHqwXb8A7nDWiYyau,uuid:043132a6-645b-4a1b-949e-40e67bef5d21,043132a6-645b-4a1b-949e-40e67bef5d21,2022-02-19T19:43:30,,,{}
2022-02-20T10:29:17.959+03:00,2022-02-20T10:33:14.447+03:00,collect:AkzLThEjjflALqZZ,8,8,8/2,Afafi sefer,012,4,1,1,2,4,Enjera bewot,n/a,n/a,n/a,148.0,2,2,1,2,2,30,n/a,n/a,n/a,n/a,n/a,n/a,n/a,n/a,n/a,n/a,n/a,n/a,n/a,n/a,n/a,Enjera,205.0,Shiro,191.0,n/a,n/a,n/a,n/a,n/a,n/a,n/a,n/a,vB7ojuHqwXb8A7nDWiYyau,uuid:27f9c67b-eff6-44da-b400-20aebf061536,27f9c67b-eff6-44da-b400-20aebf061536,2022-02-20T13:56:20,,,{}
2022-02-20T11:35:36.500+03:00,2022-02-20T11:38:36.415+03:00,collect:AkzLThEjjflALqZZ,8,8,8/2,Afafi sefer,039,4,1,1,2,4,Enjera beshiro,n/a,n/a,n/a,219.0,2,2,1,2,2,34,n/a,n/a,n/a,n/a,n/a,n/a,n/a,n/a,n/a,n/a,n/a,n/a,n/a,n/a,n/a,Enjera,198.0,Shiro,120.0,n/a,n/a,n/a,n/a,n/a,n/a,n/a,n/a,vB7ojuHqwXb8A7nDWiYyau,uuid:ce833160-cc4f-4286-9f1b-78446a2f470d,ce833160-cc4f-4286-9f1b-78446a2f470d,2022-02-20T13:56:23,,,{}
2022-02-20T15:06:58.962+03:00,2022-02-20T15:10:33.158+03:00,collect:AkzLThEjjflALqZZ,8,8,8/2,Adarash sefer,138,8,1,1,6,8,Enjera be miser ena atkilt,n/a,n/a,n/a,203.0,3,3,1,2,2,32,n/a,n/a,n/a,n/a,n/a,n/a,n/a,n/a,n/a,n/a,n/a,n/a,n/a,n/a,n/a,Enjera,201.0,Miser,148.0,Timatim,79.0,n/a,n/a,n/a,n/a,n/a,n/a,vB7ojuHqwXb8A7nDWiYyau,uuid:0319e1af-089a-4d1a-8888-e1b85716f2c9,0319e1af-089a-4d1a-8888-e1b85716f2c9,2022-02-20T13:56:27,,,{}
2022-02-20T11:04:35.937+03:00,2022-02-20T13:18:13.730+03:00,collect:jkmHHl8KSIGeblq5,8,8,8-2,Afaf sefer,Ha-018  ,2,1,1,0,2,Enjera be miserwot,n/a,n/a,n/a,179.0,2,2,1,2,2,33,2,1,4,Enjera be sega,170.0,2,2,n/a,n/a,n/a,n/a,n/a,n/a,n/a,n/a,Enjera,148.0,Miserwot,109.0,n/a,n/a,n/a,n/a,Enjera,49.0,Segawot,107.0,vB7ojuHqwXb8A7nDWiYyau,uuid:bdf5e2a4-5323-4aad-9a2f-4eb9a6b70e4c,bdf5e2a4-5323-4aad-9a2f-4eb9a6b70e4c,2022-02-20T13:58:29,,,{}
2022-02-20T12:04:58.543+03:00,2022-02-20T12:08:54.773+03:00,collect:jkmHHl8KSIGeblq5,8,8,8-2,Afaf sefer,034,6,1,1,4,6,Enjera be shirowot,n/a,n/a,n/a,150.0,2,2,1,2,2,43,n/a,n/a,n/a,n/a,n/a,n/a,n/a,n/a,n/a,n/a,n/a,n/a,n/a,n/a,n/a,Enjera,201.0,Shirowot,106.0,n/a,n/a,n/a,n/a,n/a,n/a,n/a,n/a,vB7ojuHqwXb8A7nDWiYyau,uuid:edd38561-2f79-4542-b96a-997e378c2bfb,edd38561-2f79-4542-b96a-997e378c2bfb,2022-02-20T13:58:32,,,{}
2022-02-20T16:01:21.995+03:00,2022-02-20T16:26:55.048+03:00,collect:jkmHHl8KSIGeblq5,8,8,8-2,Werka sefer,100,3,1,1,1,3,Enjera be shirowot,n/a,n/a,n/a,162.0,2,2,1,2,2,29,n/a,n/a,n/a,n/a,n/a,n/a,n/a,n/a,n/a,n/a,n/a,n/a,n/a,n/a,n/a,Enjera,168.0,Shero,114.0,n/a,n/a,n/a,n/a,n/a,n/a,n/a,n/a,vB7ojuHqwXb8A7nDWiYyau,uuid:676bf115-21f8-4df7-a64d-c639a2e99f94,676bf115-21f8-4df7-a64d-c639a2e99f94,2022-02-20T13:58:36,,,{}
